* Encoding: UTF-8.,,,,,,,,,,
,,,,,,,,,,
***Recode Condition***,,,,,,,,,,
,,,,,,,,,,
RECODE cond (1=1) (2=0) INTO A_Bad_Good.,,,,,,,,,,
EXECUTE.,,,,,,,,,,
,,,,,,,,,,
***Recode CMFQ-X***,,,,,,,,,,
,,,,,,,,,,
COMPUTE cmfq_care_1_RE_A=8-cmfq_care_1_r_A.,,,,,,,,,,
COMPUTE cmfq_care_3_RE_A=8-cmfq_care_3_r_A.,,,,,,,,,,
COMPUTE cmfq_care_4_RE_A=8-cmfq_care_4_r_A.,,,,,,,,,,
COMPUTE cmfq_care_5_RE_A=8-cmfq_care_5_r_A.,,,,,,,,,,
COMPUTE cmfq_fair_1_RE_A=8-cmfq_fair_1_r_A.,,,,,,,,,,
COMPUTE cmfq_fair_2_RE_A=8-cmfq_fair_2_r_A.,,,,,,,,,,
COMPUTE cmfq_fair_3_RE_A=8-cmfq_fair_3_r_A.,,,,,,,,,,
COMPUTE cmfq_loy_2_RE_A=8-cmfq_loy_2_r_A.,,,,,,,,,,
COMPUTE cmfq_loy_3_RE_A=8-cmfq_loy_3_r_A.,,,,,,,,,,
COMPUTE cmfq_loy_6_RE_A=8-cmfq_loy_6_r_A.,,,,,,,,,,
COMPUTE cmfq_auth_1_RE_A=8-cmfq_auth_1_r_A.,,,,,,,,,,
COMPUTE cmfq_auth_3_RE_A=8-cmfq_auth_3_r_A.,,,,,,,,,,
COMPUTE cmfq_auth_4_RE_A=8-cmfq_auth_4_r_A.,,,,,,,,,,
COMPUTE cmfq_auth_6_RE_A=8-cmfq_auth_6_r_A.,,,,,,,,,,
COMPUTE cmfq_pure_1_RE_A=8-cmfq_pure_1_r_A.,,,,,,,,,,
COMPUTE cmfq_pure_2_RE_A=8-cmfq_pure_2_r_A.,,,,,,,,,,
COMPUTE cmfq_pure_5_RE_A=8-cmfq_pure_5_r_A.,,,,,,,,,,
,,,,,,,,,,
COMPUTE cmfq_care_1_RE_B=8-cmfq_care_1_r_B.,,,,,,,,,,
COMPUTE cmfq_care_3_RE_B=8-cmfq_care_3_r_B.,,,,,,,,,,
COMPUTE cmfq_care_4_RE_B=8-cmfq_care_4_r_B.,,,,,,,,,,
COMPUTE cmfq_care_5_RE_B=8-cmfq_care_5_r_B.,,,,,,,,,,
COMPUTE cmfq_fair_1_RE_B=8-cmfq_fair_1_r_B.,,,,,,,,,,
COMPUTE cmfq_fair_2_RE_B=8-cmfq_fair_2_r_B.,,,,,,,,,,
COMPUTE cmfq_fair_3_RE_B=8-cmfq_fair_3_r_B.,,,,,,,,,,
COMPUTE cmfq_loy_2_RE_B=8-cmfq_loy_2_r_B.,,,,,,,,,,
COMPUTE cmfq_loy_3_RE_B=8-cmfq_loy_3_r_B.,,,,,,,,,,
COMPUTE cmfq_loy_6_RE_B=8-cmfq_loy_6_r_B.,,,,,,,,,,
COMPUTE cmfq_auth_1_RE_B=8-cmfq_auth_1_r_B.,,,,,,,,,,
COMPUTE cmfq_auth_3_RE_B=8-cmfq_auth_3_r_B.,,,,,,,,,,
COMPUTE cmfq_auth_4_RE_B=8-cmfq_auth_4_r_B.,,,,,,,,,,
COMPUTE cmfq_auth_6_RE_B=8-cmfq_auth_6_r_B.,,,,,,,,,,
COMPUTE cmfq_pure_1_RE_B=8-cmfq_pure_1_r_B.,,,,,,,,,,
COMPUTE cmfq_pure_2_RE_B=8-cmfq_pure_2_r_B.,,,,,,,,,,
COMPUTE cmfq_pure_5_RE_B=8-cmfq_pure_5_r_B.,,,,,,,,,,
,,,,,,,,,,
COMPUTE cmfq_care_1_RE_C=8-cmfq_care_1_r_C.,,,,,,,,,,
COMPUTE cmfq_care_3_RE_C=8-cmfq_care_3_r_C.,,,,,,,,,,
COMPUTE cmfq_care_4_RE_C=8-cmfq_care_4_r_C.,,,,,,,,,,
COMPUTE cmfq_care_5_RE_C=8-cmfq_care_5_r_C.,,,,,,,,,,
COMPUTE cmfq_fair_1_RE_C=8-cmfq_fair_1_r_C.,,,,,,,,,,
COMPUTE cmfq_fair_2_RE_C=8-cmfq_fair_2_r_C.,,,,,,,,,,
COMPUTE cmfq_fair_3_RE_C=8-cmfq_fair_3_r_C.,,,,,,,,,,
COMPUTE cmfq_loy_2_RE_C=8-cmfq_loy_2_r_C.,,,,,,,,,,
COMPUTE cmfq_loy_3_RE_C=8-cmfq_loy_3_r_C.,,,,,,,,,,
COMPUTE cmfq_loy_6_RE_C=8-cmfq_loy_6_r_C.,,,,,,,,,,
COMPUTE cmfq_auth_1_RE_C=8-cmfq_auth_1_r_C.,,,,,,,,,,
COMPUTE cmfq_auth_3_RE_C=8-cmfq_auth_3_r_C.,,,,,,,,,,
COMPUTE cmfq_auth_4_RE_C=8-cmfq_auth_4_r_C.,,,,,,,,,,
COMPUTE cmfq_auth_6_RE_C=8-cmfq_auth_6_r_C.,,,,,,,,,,
COMPUTE cmfq_pure_1_RE_C=8-cmfq_pure_1_r_C.,,,,,,,,,,
COMPUTE cmfq_pure_2_RE_C=8-cmfq_pure_2_r_C.,,,,,,,,,,
COMPUTE cmfq_pure_5_RE_C=8-cmfq_pure_5_r_C.,,,,,,,,,,
EXECUTE.,,,,,,,,,,
,,,,,,,,,,
***Recode Character Liking***,,,,,,,,,,
,,,,,,,,,,
COMPUTE Liking_3_RE_A=8-Liking_3R_A.,,,,,,,,,,
COMPUTE Liking_4_RE_A=8-Liking_4R_A.,,,,,,,,,,
,,,,,,,,,,
COMPUTE Liking_3_RE_B=8-Liking_3R_B.,,,,,,,,,,
COMPUTE Liking_4_RE_B=8-Liking_4R_B.,,,,,,,,,,
,,,,,,,,,,
COMPUTE Liking_3_RE_C=8-Liking_3R_C.,,,,,,,,,,
COMPUTE Liking_4_RE_C=8-Liking_4R_C.,,,,,,,,,,
EXECUTE.,,,,,,,,,,
,,,,,,,,,,
***Recode Competence***,,,,,,,,,,
,,,,,,,,,,
COMPUTE Stupid_RE_A=8-Stupid_A.,,,,,,,,,,
,,,,,,,,,,
COMPUTE Stupid_RE_B=8-Stupid_B.,,,,,,,,,,
,,,,,,,,,,
COMPUTE Stupid_RE_C=8-Stupid_C.,,,,,,,,,,
EXECUTE.,,,,,,,,,,
,,,,,,,,,,
***Recode Character Role***,,,,,,,,,,
,,,,,,,,,,
COMPUTE Protag_A=Harry_Likely_Pro.,,,,,,,,,,
COMPUTE Antag_A=Harry_Likely_Ant.,,,,,,,,,,
,,,,,,,,,,
COMPUTE Protag_B=Mike_Likely_Pro.,,,,,,,,,,
COMPUTE Antag_B=Mike_Likely_Ant.,,,,,,,,,,
,,,,,,,,,,
COMPUTE Protag_C=Jonas_Likely_Pro.,,,,,,,,,,
COMPUTE Antag_C=Jonas_Likely_Ant.,,,,,,,,,,
EXECUTE.,,,,,,,,,,
,,,,,,,,,,
***Filter Variables***,,,,,,,,,,
**Missing Data**,,,,,,,,,,
,,,,,,,,,,
COMPUTE missing_data = nmiss(,,,,,,,,,,
"A_Bad_Good, Attent_Chk_1, Attent_Chk_2,",,,,,,,,,,
"cmfq_care_1_r_A, cmfq_care_3_r_A, cmfq_care_4_r_A, cmfq_care_5_r_A,",,,,,,,,,,
"cmfq_fair_1_r_A, cmfq_fair_2_r_A, cmfq_fair_3_r_A, cmfq_fair_5_A,",,,,,,,,,,
"cmfq_loy_2_r_A, cmfq_loy_3_r_A, cmfq_loy_4_A, cmfq_loy_6_r_A,",,,,,,,,,,
"cmfq_auth_1_r_A, cmfq_auth_3_r_A, cmfq_auth_4_r_A, cmfq_auth_6_r_A,",,,,,,,,,,
"cmfq_pure_1_r_A, cmfq_pure_2_r_A, cmfq_pure_4_A, cmfq_pure_5_r_A,",,,,,,,,,,
"Liking_1_A, Liking_2_A, Liking_3R_A, Liking_4R_A, Liking_5_A, Liking_6_A,",,,,,,,,,,
"Warm_A, Tolerant_A, Friendly_A, Polite_A, Gentle_A, Good_person_A,",,,,,,,,,,
"Intelligent_A, Stupid_RE_A, Clever_A, Smart_A, Successful_A, Capable_A,",,,,,,,,,,
"Protag_A, Antag_A,",,,,,,,,,,
"cmfq_care_1_r_B, cmfq_care_3_r_B, cmfq_care_4_r_B, cmfq_care_5_r_B,",,,,,,,,,,
"cmfq_fair_1_r_B, cmfq_fair_2_r_B, cmfq_fair_3_r_B, cmfq_fair_5_B,",,,,,,,,,,
"cmfq_loy_2_r_B, cmfq_loy_3_r_B, cmfq_loy_4_B, cmfq_loy_6_r_B,",,,,,,,,,,
"cmfq_auth_1_r_B, cmfq_auth_3_r_B, cmfq_auth_4_r_B, cmfq_auth_6_r_B,",,,,,,,,,,
"cmfq_pure_1_r_B, cmfq_pure_2_r_B, cmfq_pure_4_B, cmfq_pure_5_r_B,",,,,,,,,,,
"Liking_1_B, Liking_2_B, Liking_3R_B, Liking_4R_B, Liking_5_B, Liking_6_B,",,,,,,,,,,
"Warm_B, Tolerant_B, Friendly_B, Polite_B, Gentle_B, Good_person_B,",,,,,,,,,,
"Intelligent_B, Stupid_RE_B, Clever_B, Smart_B, Successful_B, Capable_B,",,,,,,,,,,
"Protag_B, Antag_B,",,,,,,,,,,
"cmfq_care_1_r_C, cmfq_care_3_r_C, cmfq_care_4_r_C, cmfq_care_5_r_C,",,,,,,,,,,
"cmfq_fair_1_r_C, cmfq_fair_2_r_C, cmfq_fair_3_r_C, cmfq_fair_5_C,",,,,,,,,,,
"cmfq_loy_2_r_C, cmfq_loy_3_r_C, cmfq_loy_4_C, cmfq_loy_6_r_C,",,,,,,,,,,
"cmfq_auth_1_r_C, cmfq_auth_3_r_C, cmfq_auth_4_r_C, cmfq_auth_6_r_C,",,,,,,,,,,
"cmfq_pure_1_r_C, cmfq_pure_2_r_C, cmfq_pure_4_C, cmfq_pure_5_r_C,",,,,,,,,,,
"Liking_1_C, Liking_2_C, Liking_3R_C, Liking_4R_C, Liking_5_C, Liking_6_C,",,,,,,,,,,
"Warm_C, Tolerant_C, Friendly_C, Polite_C, Gentle_C, Good_person_C,",,,,,,,,,,
"Intelligent_C, Stupid_RE_C, Clever_C, Smart_C, Successful_C, Capable_C,",,,,,,,,,,
"Protag_C, Antag_C).",,,,,,,,,,
EXECUTE.,,,,,,,,,,
,,,,,,,,,,
COMPUTE filter_1=(missing_data<1).,,,,,,,,,,
VALUE LABELS filter_1 0 'Not Selected' 1 'Selected'.,,,,,,,,,,
FORMATS filter_1 (f1.0).,,,,,,,,,,
EXECUTE.,,,,,,,,,,
,,,,,,,,,,
FREQUENCIES filter_1.,,,,,,,,,,
,,,,,,,,,,
,,,,,,,,,,
Frequencies,,,,,,,,,,
,,,,,,,,,,
Statistics,,,,,,,,,,
filter_1,,,,,,,,,,
N,Valid,351,,,,,,,,
,Missing,0,,,,,,,,
,,,,,,,,,,
filter_1,,,,,,,,,,
,,Frequency,Percent,Valid Percent,Cumulative Percent,,,,,
Valid,Selected,351,100.0,100.0,100.0,,,,,
,,,,,,,,,,
EXECUTE.,,,,,,,,,,
,,,,,,,,,,
**Attention Checks**,,,,,,,,,,
,,,,,,,,,,
RECODE Attent_Chk_1 (1=1) (SYSMIS=0) (ELSE=0) INTO Attent_Chk_1_Correct.,,,,,,,,,,
EXECUTE.,,,,,,,,,,
RECODE Attent_Chk_2 (4=1) (SYSMIS=0) (ELSE=0) INTO Attent_Chk_2_Correct.,,,,,,,,,,
EXECUTE.,,,,,,,,,,
,,,,,,,,,,
COMPUTE filter_2=(Attent_Chk_1_Correct = 1 & Attent_Chk_2_Correct = 1).,,,,,,,,,,
VALUE LABELS filter_2 0 'Not Selected' 1 'Selected'.,,,,,,,,,,
FORMATS filter_2 (f1.0).,,,,,,,,,,
EXECUTE.,,,,,,,,,,
,,,,,,,,,,
FREQUENCIES filter_2.,,,,,,,,,,
,,,,,,,,,,
,,,,,,,,,,
Frequencies,,,,,,,,,,
,,,,,,,,,,
Statistics,,,,,,,,,,
filter_2,,,,,,,,,,
N,Valid,351,,,,,,,,
,Missing,0,,,,,,,,
,,,,,,,,,,
filter_2,,,,,,,,,,
,,Frequency,Percent,Valid Percent,Cumulative Percent,,,,,
Valid,Selected,351,100.0,100.0,100.0,,,,,
,,,,,,,,,,
EXECUTE.,,,,,,,,,,
,,,,,,,,,,
**Final Filter**,,,,,,,,,,
,,,,,,,,,,
COMPUTE filter_final=(filter_1=1 & filter_2 =1).,,,,,,,,,,
VALUE LABELS filter_final 0 'Not Selected' 1 'Selected'.,,,,,,,,,,
FORMATS filter_final (f1.0).,,,,,,,,,,
EXECUTE.,,,,,,,,,,
,,,,,,,,,,
FREQUENCIES filter_final.,,,,,,,,,,
,,,,,,,,,,
,,,,,,,,,,
Frequencies,,,,,,,,,,
,,,,,,,,,,
Statistics,,,,,,,,,,
filter_final,,,,,,,,,,
N,Valid,351,,,,,,,,
,Missing,0,,,,,,,,
,,,,,,,,,,
filter_final,,,,,,,,,,
,,Frequency,Percent,Valid Percent,Cumulative Percent,,,,,
Valid,Selected,351,100.0,100.0,100.0,,,,,
,,,,,,,,,,
EXECUTE.,,,,,,,,,,
,,,,,,,,,,
*Final N = 351 -- 81 Participants Dropped*,,,,,,,,,,
,,,,,,,,,,
**Veryify Random Assignment**,,,,,,,,,,
,,,,,,,,,,
USE ALL.,,,,,,,,,,
CROSSTABS,,,,,,,,,,
/TABLES=A_Bad_Good BY filter_final,,,,,,,,,,
/FORMAT=AVALUE TABLES,,,,,,,,,,
/STATISTICS=CHISQ,,,,,,,,,,
/CELLS=COUNT EXPECTED,,,,,,,,,,
/COUNT ROUND CELL.,,,,,,,,,,
,,,,,,,,,,
,,,,,,,,,,
Crosstabs,,,,,,,,,,
,,,,,,,,,,
Case Processing Summary,,,,,,,,,,
,Cases,,,,,,,,,
,Valid,,Missing,,Total,,,,,
,N,Percent,N,Percent,N,Percent,,,,
A_Bad_Good * filter_final,432,100.0%,0,0.0%,432,100.0%,,,,
,,,,,,,,,,
A_Bad_Good * filter_final Crosstabulation,,,,,,,,,,
,,,filter_final,,Total,,,,,
,,,Not Selected,Selected,,,,,,
A_Bad_Good,.00,Count,38,178,216,,,,,
,,Expected Count,40.5,175.5,216.0,,,,,
,1.00,Count,43,173,216,,,,,
,,Expected Count,40.5,175.5,216.0,,,,,
Total,,Count,81,351,432,,,,,
,,Expected Count,81.0,351.0,432.0,,,,,
,,,,,,,,,,
Chi-Square Tests,,,,,,,,,,
,Value,df,Asymptotic Significance (2-sided),Exact Sig. (2-sided),Exact Sig. (1-sided),,,,,
Pearson Chi-Square,.380a,1,0.538,,,,,,,
Continuity Correctionb,0.243,1,0.622,,,,,,,
Likelihood Ratio,0.380,1,0.538,,,,,,,
Fisher's Exact Test,,,,0.622,0.311,,,,,
Linear-by-Linear Association,0.379,1,0.538,,,,,,,
N of Valid Cases,432,,,,,,,,,
a. 0 cells (0.0%) have expected count less than 5. The minimum expected count is 40.50.,,,,,,,,,,
b. Computed only for a 2x2 table,,,,,,,,,,
,,,,,,,,,,
,,,,,,,,,,
FILTER BY filter_final.,,,,,,,,,,
EXECUTE.,,,,,,,,,,
,,,,,,,,,,
***Reliabilities and Composite Creation***,,,,,,,,,,
**A Disposition**,,,,,,,,,,
,,,,,,,,,,
RELIABILITY,,,,,,,,,,
/VARIABLES=cmfq_care_5_RE_A cmfq_fair_3_RE_A cmfq_loy_2_RE_A cmfq_auth_3_RE_A cmfq_pure_2_RE_A,,,,,,,,,,
Liking_1_A Liking_2_A Liking_5_A,,,,,,,,,,
/SCALE('ALL VARIABLES') ALL,,,,,,,,,,
/MODEL=ALPHA,,,,,,,,,,
/SUMMARY=TOTAL.,,,,,,,,,,
,,,,,,,,,,
,,,,,,,,,,
Reliability,,,,,,,,,,
,,,,,,,,,,
,,,,,,,,,,
Scale: ALL VARIABLES,,,,,,,,,,
,,,,,,,,,,
Case Processing Summary,,,,,,,,,,
,,N,%,,,,,,,
Cases,Valid,351,100.0,,,,,,,
,Excludeda,0,0.0,,,,,,,
,Total,351,100.0,,,,,,,
a. Listwise deletion based on all variables in the procedure.,,,,,,,,,,
,,,,,,,,,,
Reliability Statistics,,,,,,,,,,
Cronbach's Alpha,N of Items,,,,,,,,,
0.965,8,,,,,,,,,
,,,,,,,,,,
Item-Total Statistics,,,,,,,,,,
,Scale Mean if Item Deleted,Scale Variance if Item Deleted,Corrected Item-Total Correlation,Cronbach's Alpha if Item Deleted,,,,,,
cmfq_care_5_RE_A,27.9145,185.193,0.812,0.963,,,,,,
cmfq_fair_3_RE_A,28.5128,175.325,0.896,0.958,,,,,,
cmfq_loy_2_RE_A,28.6553,178.038,0.895,0.958,,,,,,
cmfq_auth_3_RE_A,28.6239,175.247,0.906,0.958,,,,,,
cmfq_pure_2_RE_A,28.3362,181.687,0.850,0.961,,,,,,
Liking_1_A,28.7664,176.934,0.860,0.961,,,,,,
Liking_2_A,28.9801,175.700,0.873,0.960,,,,,,
Liking_5_A,28.7977,179.499,0.817,0.963,,,,,,
,,,,,,,,,,
,,,,,,,,,,
RELIABILITY,,,,,,,,,,
/VARIABLES=cmfq_care_5_RE_A cmfq_fair_3_RE_A cmfq_loy_2_RE_A cmfq_auth_3_RE_A cmfq_pure_2_RE_A,,,,,,,,,,
Liking_1_A Liking_2_A Liking_5_A,,,,,,,,,,
/SCALE('ALL VARIABLES') ALL,,,,,,,,,,
/MODEL=OMEGA,,,,,,,,,,
/SUMMARY=TOTAL.,,,,,,,,,,
,,,,,,,,,,
,,,,,,,,,,
Reliability,,,,,,,,,,
,,,,,,,,,,
,,,,,,,,,,
Scale: ALL VARIABLES,,,,,,,,,,
,,,,,,,,,,
Case Processing Summary,,,,,,,,,,
,,N,%,,,,,,,
Cases,Valid,351,100.0,,,,,,,
,Excludeda,0,0.0,,,,,,,
,Total,351,100.0,,,,,,,
a. Listwise deletion based on all variables in the procedure.,,,,,,,,,,
,,,,,,,,,,
Reliability Statistics,,,,,,,,,,
McDonald's Omega,N of Items,,,,,,,,,
0.964,8,,,,,,,,,
,,,,,,,,,,
Item-Total Statistics,,,,,,,,,,
,Scale Mean if Item Deleted,Scale Variance if Item Deleted,Corrected Item-Total Correlation,Squared Multiple Correlation,Cronbach's Alpha if Item Deleted,McDonald's Omega if Item Deleted,,,,
cmfq_care_5_RE_A,27.9145,185.193,0.812,0.739,0.963,0.962,,,,
cmfq_fair_3_RE_A,28.5128,175.325,0.896,0.853,0.958,0.957,,,,
cmfq_loy_2_RE_A,28.6553,178.038,0.895,0.843,0.958,0.957,,,,
cmfq_auth_3_RE_A,28.6239,175.247,0.906,0.849,0.958,0.956,,,,
cmfq_pure_2_RE_A,28.3362,181.687,0.850,0.801,0.961,0.960,,,,
Liking_1_A,28.7664,176.934,0.860,0.875,0.961,0.960,,,,
Liking_2_A,28.9801,175.700,0.873,0.879,0.960,0.959,,,,
Liking_5_A,28.7977,179.499,0.817,0.824,0.963,0.963,,,,
,,,,,,,,,,
,,,,,,,,,,
"COMPUTE DISPO_A = mean(cmfq_care_5_RE_A, cmfq_fair_3_RE_A, cmfq_loy_2_RE_A, cmfq_auth_3_RE_A ,",,,,,,,,,,
"cmfq_pure_2_RE_A, Liking_1_A, Liking_2_A, Liking_5_A).",,,,,,,,,,
EXECUTE.,,,,,,,,,,
,,,,,,,,,,
**A Warmth**,,,,,,,,,,
,,,,,,,,,,
RELIABILITY,,,,,,,,,,
/VARIABLES=Warm_A Tolerant_A Friendly_A Polite_A Gentle_A Good_person_A,,,,,,,,,,
/SCALE('ALL VARIABLES') ALL,,,,,,,,,,
/MODEL=ALPHA,,,,,,,,,,
/SUMMARY=TOTAL.,,,,,,,,,,
,,,,,,,,,,
,,,,,,,,,,
Reliability,,,,,,,,,,
,,,,,,,,,,
,,,,,,,,,,
Scale: ALL VARIABLES,,,,,,,,,,
,,,,,,,,,,
Case Processing Summary,,,,,,,,,,
,,N,%,,,,,,,
Cases,Valid,351,100.0,,,,,,,
,Excludeda,0,0.0,,,,,,,
,Total,351,100.0,,,,,,,
a. Listwise deletion based on all variables in the procedure.,,,,,,,,,,
,,,,,,,,,,
Reliability Statistics,,,,,,,,,,
Cronbach's Alpha,N of Items,,,,,,,,,
0.979,6,,,,,,,,,
,,,,,,,,,,
Item-Total Statistics,,,,,,,,,,
,Scale Mean if Item Deleted,Scale Variance if Item Deleted,Corrected Item-Total Correlation,Cronbach's Alpha if Item Deleted,,,,,,
Warm_A,18.89,103.547,0.951,0.972,,,,,,
Tolerant_A,18.92,104.996,0.924,0.975,,,,,,
Friendly_A,18.79,102.289,0.957,0.972,,,,,,
Polite_A,18.85,104.467,0.942,0.973,,,,,,
Gentle_A,19.08,106.647,0.903,0.977,,,,,,
Good_person_A,18.51,104.908,0.895,0.978,,,,,,
,,,,,,,,,,
,,,,,,,,,,
RELIABILITY,,,,,,,,,,
/VARIABLES=Warm_A Tolerant_A Friendly_A Polite_A Gentle_A Good_person_A,,,,,,,,,,
/SCALE('ALL VARIABLES') ALL,,,,,,,,,,
/MODEL=OMEGA,,,,,,,,,,
/SUMMARY=TOTAL.,,,,,,,,,,
,,,,,,,,,,
,,,,,,,,,,
Reliability,,,,,,,,,,
,,,,,,,,,,
,,,,,,,,,,
Scale: ALL VARIABLES,,,,,,,,,,
,,,,,,,,,,
Case Processing Summary,,,,,,,,,,
,,N,%,,,,,,,
Cases,Valid,351,100.0,,,,,,,
,Excludeda,0,0.0,,,,,,,
,Total,351,100.0,,,,,,,
a. Listwise deletion based on all variables in the procedure.,,,,,,,,,,
,,,,,,,,,,
Reliability Statistics,,,,,,,,,,
McDonald's Omega,N of Items,,,,,,,,,
0.979,6,,,,,,,,,
,,,,,,,,,,
Item-Total Statistics,,,,,,,,,,
,Scale Mean if Item Deleted,Scale Variance if Item Deleted,Corrected Item-Total Correlation,Squared Multiple Correlation,Cronbach's Alpha if Item Deleted,McDonald's Omega if Item Deleted,,,,
Warm_A,18.89,103.547,0.951,0.909,0.972,0.973,,,,
Tolerant_A,18.92,104.996,0.924,0.873,0.975,0.975,,,,
Friendly_A,18.79,102.289,0.957,0.933,0.972,0.972,,,,
Polite_A,18.85,104.467,0.942,0.910,0.973,0.974,,,,
Gentle_A,19.08,106.647,0.903,0.826,0.977,0.977,,,,
Good_person_A,18.51,104.908,0.895,0.801,0.978,0.978,,,,
,,,,,,,,,,
,,,,,,,,,,
"COMPUTE WARMTH_A = mean(Warm_A, Tolerant_A, Friendly_A, Polite_A, Gentle_A, Good_person_A).",,,,,,,,,,
EXECUTE.,,,,,,,,,,
,,,,,,,,,,
**A Competence**,,,,,,,,,,
,,,,,,,,,,
RELIABILITY,,,,,,,,,,
/VARIABLES=Intelligent_A Stupid_RE_A Clever_A Smart_A Successful_A Capable_A,,,,,,,,,,
/SCALE('ALL VARIABLES') ALL,,,,,,,,,,
/MODEL=ALPHA,,,,,,,,,,
/SUMMARY=TOTAL.,,,,,,,,,,
,,,,,,,,,,
,,,,,,,,,,
Reliability,,,,,,,,,,
,,,,,,,,,,
,,,,,,,,,,
Scale: ALL VARIABLES,,,,,,,,,,
,,,,,,,,,,
Case Processing Summary,,,,,,,,,,
,,N,%,,,,,,,
Cases,Valid,351,100.0,,,,,,,
,Excludeda,0,0.0,,,,,,,
,Total,351,100.0,,,,,,,
a. Listwise deletion based on all variables in the procedure.,,,,,,,,,,
,,,,,,,,,,
Reliability Statistics,,,,,,,,,,
Cronbach's Alpha,N of Items,,,,,,,,,
0.870,6,,,,,,,,,
,,,,,,,,,,
Item-Total Statistics,,,,,,,,,,
,Scale Mean if Item Deleted,Scale Variance if Item Deleted,Corrected Item-Total Correlation,Cronbach's Alpha if Item Deleted,,,,,,
Intelligent_A,28.8632,26.604,0.659,0.850,,,,,,
Stupid_RE_A,28.6895,28.358,0.596,0.860,,,,,,
Clever_A,29.2308,28.367,0.631,0.854,,,,,,
Smart_A,28.8604,26.880,0.764,0.832,,,,,,
Successful_A,29.1368,27.027,0.646,0.853,,,,,,
Capable_A,28.9231,27.723,0.740,0.837,,,,,,
,,,,,,,,,,
,,,,,,,,,,
RELIABILITY,,,,,,,,,,
/VARIABLES=Intelligent_A Stupid_RE_A Clever_A Smart_A Successful_A Capable_A,,,,,,,,,,
/SCALE('ALL VARIABLES') ALL,,,,,,,,,,
/MODEL=OMEGA,,,,,,,,,,
/SUMMARY=TOTAL.,,,,,,,,,,
,,,,,,,,,,
,,,,,,,,,,
Reliability,,,,,,,,,,
,,,,,,,,,,
,,,,,,,,,,
Scale: ALL VARIABLES,,,,,,,,,,
,,,,,,,,,,
Case Processing Summary,,,,,,,,,,
,,N,%,,,,,,,
Cases,Valid,351,100.0,,,,,,,
,Excludeda,0,0.0,,,,,,,
,Total,351,100.0,,,,,,,
a. Listwise deletion based on all variables in the procedure.,,,,,,,,,,
,,,,,,,,,,
Reliability Statistics,,,,,,,,,,
McDonald's Omega,N of Items,,,,,,,,,
0.870,6,,,,,,,,,
,,,,,,,,,,
Item-Total Statistics,,,,,,,,,,
,Scale Mean if Item Deleted,Scale Variance if Item Deleted,Corrected Item-Total Correlation,Squared Multiple Correlation,Cronbach's Alpha if Item Deleted,McDonald's Omega if Item Deleted,,,,
Intelligent_A,28.8632,26.604,0.659,0.447,0.850,0.850,,,,
Stupid_RE_A,28.6895,28.358,0.596,0.364,0.860,0.860,,,,
Clever_A,29.2308,28.367,0.631,0.454,0.854,0.855,,,,
Smart_A,28.8604,26.880,0.764,0.603,0.832,0.832,,,,
Successful_A,29.1368,27.027,0.646,0.471,0.853,0.853,,,,
Capable_A,28.9231,27.723,0.740,0.570,0.837,0.838,,,,
,,,,,,,,,,
,,,,,,,,,,
"COMPUTE COMPET_A = mean(Intelligent_A, Stupid_RE_A, Clever_A, Smart_A, Successful_A, Capable_A).",,,,,,,,,,
EXECUTE.,,,,,,,,,,
,,,,,,,,,,
**B Disposition**,,,,,,,,,,
,,,,,,,,,,
RELIABILITY,,,,,,,,,,
/VARIABLES=cmfq_care_5_RE_B cmfq_fair_3_RE_B cmfq_loy_2_RE_B cmfq_auth_3_RE_B cmfq_pure_2_RE_B,,,,,,,,,,
Liking_1_B Liking_2_B Liking_5_B,,,,,,,,,,
/SCALE('ALL VARIABLES') ALL,,,,,,,,,,
/MODEL=ALPHA,,,,,,,,,,
/SUMMARY=TOTAL.,,,,,,,,,,
,,,,,,,,,,
,,,,,,,,,,
Reliability,,,,,,,,,,
,,,,,,,,,,
,,,,,,,,,,
Scale: ALL VARIABLES,,,,,,,,,,
,,,,,,,,,,
Case Processing Summary,,,,,,,,,,
,,N,%,,,,,,,
Cases,Valid,351,100.0,,,,,,,
,Excludeda,0,0.0,,,,,,,
,Total,351,100.0,,,,,,,
a. Listwise deletion based on all variables in the procedure.,,,,,,,,,,
,,,,,,,,,,
Reliability Statistics,,,,,,,,,,
Cronbach's Alpha,N of Items,,,,,,,,,
0.912,8,,,,,,,,,
,,,,,,,,,,
Item-Total Statistics,,,,,,,,,,
,Scale Mean if Item Deleted,Scale Variance if Item Deleted,Corrected Item-Total Correlation,Cronbach's Alpha if Item Deleted,,,,,,
cmfq_care_5_RE_B,32.9202,77.434,0.604,0.909,,,,,,
cmfq_fair_3_RE_B,33.3048,72.715,0.779,0.895,,,,,,
cmfq_loy_2_RE_B,33.5783,72.027,0.789,0.894,,,,,,
cmfq_auth_3_RE_B,33.5328,71.421,0.765,0.896,,,,,,
cmfq_pure_2_RE_B,33.1624,75.308,0.683,0.903,,,,,,
Liking_1_B,33.8376,71.965,0.748,0.898,,,,,,
Liking_2_B,34.0997,71.987,0.692,0.903,,,,,,
Liking_5_B,34.0570,72.734,0.659,0.906,,,,,,
,,,,,,,,,,
,,,,,,,,,,
RELIABILITY,,,,,,,,,,
/VARIABLES=cmfq_care_5_RE_B cmfq_fair_3_RE_B cmfq_loy_2_RE_B cmfq_auth_3_RE_B cmfq_pure_2_RE_B,,,,,,,,,,
Liking_1_B Liking_2_B Liking_5_B,,,,,,,,,,
/SCALE('ALL VARIABLES') ALL,,,,,,,,,,
/MODEL=OMEGA,,,,,,,,,,
/SUMMARY=TOTAL.,,,,,,,,,,
,,,,,,,,,,
,,,,,,,,,,
Reliability,,,,,,,,,,
,,,,,,,,,,
,,,,,,,,,,
Scale: ALL VARIABLES,,,,,,,,,,
,,,,,,,,,,
Case Processing Summary,,,,,,,,,,
,,N,%,,,,,,,
Cases,Valid,351,100.0,,,,,,,
,Excludeda,0,0.0,,,,,,,
,Total,351,100.0,,,,,,,
a. Listwise deletion based on all variables in the procedure.,,,,,,,,,,
,,,,,,,,,,
Reliability Statistics,,,,,,,,,,
McDonald's Omega,N of Items,,,,,,,,,
0.902,8,,,,,,,,,
,,,,,,,,,,
Item-Total Statistics,,,,,,,,,,
,Scale Mean if Item Deleted,Scale Variance if Item Deleted,Corrected Item-Total Correlation,Squared Multiple Correlation,Cronbach's Alpha if Item Deleted,McDonald's Omega if Item Deleted,,,,
cmfq_care_5_RE_B,32.9202,77.434,0.604,0.562,0.909,0.899,,,,
cmfq_fair_3_RE_B,33.3048,72.715,0.779,0.712,0.895,0.883,,,,
cmfq_loy_2_RE_B,33.5783,72.027,0.789,0.696,0.894,0.880,,,,
cmfq_auth_3_RE_B,33.5328,71.421,0.765,0.664,0.896,0.882,,,,
cmfq_pure_2_RE_B,33.1624,75.308,0.683,0.611,0.903,0.892,,,,
Liking_1_B,33.8376,71.965,0.748,0.813,0.898,0.890,,,,
Liking_2_B,34.0997,71.987,0.692,0.764,0.903,0.896,,,,
Liking_5_B,34.0570,72.734,0.659,0.695,0.906,0.898,,,,
,,,,,,,,,,
,,,,,,,,,,
"COMPUTE DISPO_B = mean(cmfq_care_5_RE_B, cmfq_fair_3_RE_B, cmfq_loy_2_RE_B, cmfq_auth_3_RE_B ,",,,,,,,,,,
"cmfq_pure_2_RE_B, Liking_1_B, Liking_2_B, Liking_5_B).",,,,,,,,,,
EXECUTE.,,,,,,,,,,
,,,,,,,,,,
**B Warmth**,,,,,,,,,,
,,,,,,,,,,
RELIABILITY,,,,,,,,,,
/VARIABLES=Warm_B Tolerant_B Friendly_B Polite_B Gentle_B Good_person_B,,,,,,,,,,
/SCALE('ALL VARIABLES') ALL,,,,,,,,,,
/MODEL=ALPHA,,,,,,,,,,
/SUMMARY=TOTAL.,,,,,,,,,,
,,,,,,,,,,
,,,,,,,,,,
Reliability,,,,,,,,,,
,,,,,,,,,,
,,,,,,,,,,
Scale: ALL VARIABLES,,,,,,,,,,
,,,,,,,,,,
Case Processing Summary,,,,,,,,,,
,,N,%,,,,,,,
Cases,Valid,351,100.0,,,,,,,
,Excludeda,0,0.0,,,,,,,
,Total,351,100.0,,,,,,,
a. Listwise deletion based on all variables in the procedure.,,,,,,,,,,
,,,,,,,,,,
Reliability Statistics,,,,,,,,,,
Cronbach's Alpha,N of Items,,,,,,,,,
0.953,6,,,,,,,,,
,,,,,,,,,,
Item-Total Statistics,,,,,,,,,,
,Scale Mean if Item Deleted,Scale Variance if Item Deleted,Corrected Item-Total Correlation,Cronbach's Alpha if Item Deleted,,,,,,
Warm_B,23.04,48.281,0.892,0.940,,,,,,
Tolerant_B,22.88,48.648,0.838,0.946,,,,,,
Friendly_B,22.88,47.711,0.897,0.940,,,,,,
Polite_B,22.92,48.428,0.875,0.942,,,,,,
Gentle_B,23.31,48.090,0.841,0.946,,,,,,
Good_person_B,22.60,50.292,0.787,0.952,,,,,,
,,,,,,,,,,
,,,,,,,,,,
RELIABILITY,,,,,,,,,,
/VARIABLES=Warm_B Tolerant_B Friendly_B Polite_B Gentle_B Good_person_B,,,,,,,,,,
/SCALE('ALL VARIABLES') ALL,,,,,,,,,,
/MODEL=OMEGA,,,,,,,,,,
/SUMMARY=TOTAL.,,,,,,,,,,
,,,,,,,,,,
,,,,,,,,,,
Reliability,,,,,,,,,,
,,,,,,,,,,
,,,,,,,,,,
Scale: ALL VARIABLES,,,,,,,,,,
,,,,,,,,,,
Case Processing Summary,,,,,,,,,,
,,N,%,,,,,,,
Cases,Valid,351,100.0,,,,,,,
,Excludeda,0,0.0,,,,,,,
,Total,351,100.0,,,,,,,
a. Listwise deletion based on all variables in the procedure.,,,,,,,,,,
,,,,,,,,,,
Reliability Statistics,,,,,,,,,,
McDonald's Omega,N of Items,,,,,,,,,
0.954,6,,,,,,,,,
,,,,,,,,,,
Item-Total Statistics,,,,,,,,,,
,Scale Mean if Item Deleted,Scale Variance if Item Deleted,Corrected Item-Total Correlation,Squared Multiple Correlation,Cronbach's Alpha if Item Deleted,McDonald's Omega if Item Deleted,,,,
Warm_B,23.04,48.281,0.892,0.807,0.940,0.941,,,,
Tolerant_B,22.88,48.648,0.838,0.718,0.946,0.947,,,,
Friendly_B,22.88,47.711,0.897,0.816,0.940,0.940,,,,
Polite_B,22.92,48.428,0.875,0.770,0.942,0.943,,,,
Gentle_B,23.31,48.090,0.841,0.712,0.946,0.947,,,,
Good_person_B,22.60,50.292,0.787,0.636,0.952,0.952,,,,
,,,,,,,,,,
,,,,,,,,,,
"COMPUTE WARMTH_B = mean(Warm_B, Tolerant_B, Friendly_B, Polite_B, Gentle_B, Good_person_B).",,,,,,,,,,
EXECUTE.,,,,,,,,,,
,,,,,,,,,,
**B Competence**,,,,,,,,,,
,,,,,,,,,,
RELIABILITY,,,,,,,,,,
/VARIABLES=Intelligent_B Stupid_RE_B Clever_B Smart_B Successful_B Capable_B,,,,,,,,,,
/SCALE('ALL VARIABLES') ALL,,,,,,,,,,
/MODEL=ALPHA,,,,,,,,,,
/SUMMARY=TOTAL.,,,,,,,,,,
,,,,,,,,,,
,,,,,,,,,,
Reliability,,,,,,,,,,
,,,,,,,,,,
,,,,,,,,,,
Scale: ALL VARIABLES,,,,,,,,,,
,,,,,,,,,,
Case Processing Summary,,,,,,,,,,
,,N,%,,,,,,,
Cases,Valid,351,100.0,,,,,,,
,Excludeda,0,0.0,,,,,,,
,Total,351,100.0,,,,,,,
a. Listwise deletion based on all variables in the procedure.,,,,,,,,,,
,,,,,,,,,,
Reliability Statistics,,,,,,,,,,
Cronbach's Alpha,N of Items,,,,,,,,,
0.848,6,,,,,,,,,
,,,,,,,,,,
Item-Total Statistics,,,,,,,,,,
,Scale Mean if Item Deleted,Scale Variance if Item Deleted,Corrected Item-Total Correlation,Cronbach's Alpha if Item Deleted,,,,,,
Intelligent_B,29.9231,17.363,0.693,0.811,,,,,,
Stupid_RE_B,29.8006,18.217,0.583,0.833,,,,,,
Clever_B,30.3561,18.036,0.574,0.835,,,,,,
Smart_B,29.9658,17.067,0.771,0.796,,,,,,
Successful_B,30.1368,18.764,0.543,0.840,,,,,,
Capable_B,29.9174,18.922,0.641,0.823,,,,,,
,,,,,,,,,,
,,,,,,,,,,
RELIABILITY,,,,,,,,,,
/VARIABLES=Intelligent_B Stupid_RE_B Clever_B Smart_B Successful_B Capable_B,,,,,,,,,,
/SCALE('ALL VARIABLES') ALL,,,,,,,,,,
/MODEL=OMEGA,,,,,,,,,,
/SUMMARY=TOTAL.,,,,,,,,,,
,,,,,,,,,,
,,,,,,,,,,
Reliability,,,,,,,,,,
,,,,,,,,,,
,,,,,,,,,,
Scale: ALL VARIABLES,,,,,,,,,,
,,,,,,,,,,
Case Processing Summary,,,,,,,,,,
,,N,%,,,,,,,
Cases,Valid,351,100.0,,,,,,,
,Excludeda,0,0.0,,,,,,,
,Total,351,100.0,,,,,,,
a. Listwise deletion based on all variables in the procedure.,,,,,,,,,,
,,,,,,,,,,
Reliability Statistics,,,,,,,,,,
McDonald's Omega,N of Items,,,,,,,,,
0.849,6,,,,,,,,,
,,,,,,,,,,
Item-Total Statistics,,,,,,,,,,
,Scale Mean if Item Deleted,Scale Variance if Item Deleted,Corrected Item-Total Correlation,Squared Multiple Correlation,Cronbach's Alpha if Item Deleted,McDonald's Omega if Item Deleted,,,,
Intelligent_B,29.9231,17.363,0.693,0.523,0.811,0.810,,,,
Stupid_RE_B,29.8006,18.217,0.583,0.364,0.833,0.832,,,,
Clever_B,30.3561,18.036,0.574,0.397,0.835,0.834,,,,
Smart_B,29.9658,17.067,0.771,0.614,0.796,0.793,,,,
Successful_B,30.1368,18.764,0.543,0.373,0.840,0.844,,,,
Capable_B,29.9174,18.922,0.641,0.455,0.823,0.827,,,,
,,,,,,,,,,
,,,,,,,,,,
"COMPUTE COMPET_B = mean(Intelligent_B, Stupid_RE_B, Clever_B, Smart_B, Successful_B, Capable_B).",,,,,,,,,,
EXECUTE.,,,,,,,,,,
,,,,,,,,,,
**C Disposition**,,,,,,,,,,
,,,,,,,,,,
RELIABILITY,,,,,,,,,,
/VARIABLES=cmfq_care_5_RE_C cmfq_fair_3_RE_C cmfq_loy_2_RE_C cmfq_auth_3_RE_C cmfq_pure_2_RE_C,,,,,,,,,,
Liking_1_C Liking_2_C Liking_5_C,,,,,,,,,,
/SCALE('ALL VARIABLES') ALL,,,,,,,,,,
/MODEL=ALPHA,,,,,,,,,,
/SUMMARY=TOTAL.,,,,,,,,,,
,,,,,,,,,,
,,,,,,,,,,
Reliability,,,,,,,,,,
,,,,,,,,,,
,,,,,,,,,,
Scale: ALL VARIABLES,,,,,,,,,,
,,,,,,,,,,
Case Processing Summary,,,,,,,,,,
,,N,%,,,,,,,
Cases,Valid,351,100.0,,,,,,,
,Excludeda,0,0.0,,,,,,,
,Total,351,100.0,,,,,,,
a. Listwise deletion based on all variables in the procedure.,,,,,,,,,,
,,,,,,,,,,
Reliability Statistics,,,,,,,,,,
Cronbach's Alpha,N of Items,,,,,,,,,
0.874,8,,,,,,,,,
,,,,,,,,,,
Item-Total Statistics,,,,,,,,,,
,Scale Mean if Item Deleted,Scale Variance if Item Deleted,Corrected Item-Total Correlation,Cronbach's Alpha if Item Deleted,,,,,,
cmfq_care_5_RE_C,35.5299,48.484,0.638,0.858,,,,,,
cmfq_fair_3_RE_C,35.7066,47.802,0.698,0.852,,,,,,
cmfq_loy_2_RE_C,35.9715,47.228,0.673,0.854,,,,,,
cmfq_auth_3_RE_C,35.9373,45.596,0.720,0.849,,,,,,
cmfq_pure_2_RE_C,35.8291,46.302,0.722,0.849,,,,,,
Liking_1_C,36.4672,48.467,0.616,0.860,,,,,,
Liking_2_C,36.6154,47.015,0.626,0.859,,,,,,
Liking_5_C,37.0969,50.825,0.400,0.884,,,,,,
,,,,,,,,,,
,,,,,,,,,,
RELIABILITY,,,,,,,,,,
/VARIABLES=cmfq_care_5_RE_C cmfq_fair_3_RE_C cmfq_loy_2_RE_C cmfq_auth_3_RE_C cmfq_pure_2_RE_C,,,,,,,,,,
Liking_1_C Liking_2_C Liking_5_C,,,,,,,,,,
/SCALE('ALL VARIABLES') ALL,,,,,,,,,,
/MODEL=OMEGA,,,,,,,,,,
/SUMMARY=TOTAL.,,,,,,,,,,
,,,,,,,,,,
,,,,,,,,,,
Reliability,,,,,,,,,,
,,,,,,,,,,
,,,,,,,,,,
Scale: ALL VARIABLES,,,,,,,,,,
,,,,,,,,,,
Case Processing Summary,,,,,,,,,,
,,N,%,,,,,,,
Cases,Valid,351,100.0,,,,,,,
,Excludeda,0,0.0,,,,,,,
,Total,351,100.0,,,,,,,
a. Listwise deletion based on all variables in the procedure.,,,,,,,,,,
,,,,,,,,,,
Reliability Statistics,,,,,,,,,,
McDonald's Omega,N of Items,,,,,,,,,
0.849,8,,,,,,,,,
,,,,,,,,,,
Item-Total Statistics,,,,,,,,,,
,Scale Mean if Item Deleted,Scale Variance if Item Deleted,Corrected Item-Total Correlation,Squared Multiple Correlation,Cronbach's Alpha if Item Deleted,McDonald's Omega if Item Deleted,,,,
cmfq_care_5_RE_C,35.5299,48.484,0.638,0.621,0.858,0.826,,,,
cmfq_fair_3_RE_C,35.7066,47.802,0.698,0.671,0.852,0.819,,,,
cmfq_loy_2_RE_C,35.9715,47.228,0.673,0.604,0.854,0.819,,,,
cmfq_auth_3_RE_C,35.9373,45.596,0.720,0.670,0.849,0.812,,,,
cmfq_pure_2_RE_C,35.8291,46.302,0.722,0.637,0.849,0.811,,,,
Liking_1_C,36.4672,48.467,0.616,0.751,0.860,0.847,,,,
Liking_2_C,36.6154,47.015,0.626,0.724,0.859,0.844,,,,
Liking_5_C,37.0969,50.825,0.400,0.507,0.884,0.871,,,,
,,,,,,,,,,
,,,,,,,,,,
"COMPUTE DISPO_C = mean(cmfq_care_5_RE_C, cmfq_fair_3_RE_C, cmfq_loy_2_RE_C, cmfq_auth_3_RE_C ,",,,,,,,,,,
"cmfq_pure_2_RE_C, Liking_1_C, Liking_2_C, Liking_5_C).",,,,,,,,,,
EXECUTE.,,,,,,,,,,
,,,,,,,,,,
**C Warmth**,,,,,,,,,,
,,,,,,,,,,
RELIABILITY,,,,,,,,,,
/VARIABLES=Warm_C Tolerant_C Friendly_C Polite_C Gentle_C Good_person_C,,,,,,,,,,
/SCALE('ALL VARIABLES') ALL,,,,,,,,,,
/MODEL=ALPHA,,,,,,,,,,
/SUMMARY=TOTAL.,,,,,,,,,,
,,,,,,,,,,
,,,,,,,,,,
Reliability,,,,,,,,,,
,,,,,,,,,,
,,,,,,,,,,
Scale: ALL VARIABLES,,,,,,,,,,
,,,,,,,,,,
Case Processing Summary,,,,,,,,,,
,,N,%,,,,,,,
Cases,Valid,351,100.0,,,,,,,
,Excludeda,0,0.0,,,,,,,
,Total,351,100.0,,,,,,,
a. Listwise deletion based on all variables in the procedure.,,,,,,,,,,
,,,,,,,,,,
Reliability Statistics,,,,,,,,,,
Cronbach's Alpha,N of Items,,,,,,,,,
0.929,6,,,,,,,,,
,,,,,,,,,,
Item-Total Statistics,,,,,,,,,,
,Scale Mean if Item Deleted,Scale Variance if Item Deleted,Corrected Item-Total Correlation,Cronbach's Alpha if Item Deleted,,,,,,
Warm_C,26.58,28.644,0.857,0.907,,,,,,
Tolerant_C,26.58,29.205,0.782,0.917,,,,,,
Friendly_C,26.42,28.324,0.823,0.911,,,,,,
Polite_C,26.39,28.611,0.812,0.913,,,,,,
Gentle_C,26.72,28.637,0.752,0.921,,,,,,
Good_person_C,26.61,29.907,0.729,0.923,,,,,,
,,,,,,,,,,
,,,,,,,,,,
RELIABILITY,,,,,,,,,,
/VARIABLES=Warm_C Tolerant_C Friendly_C Polite_C Gentle_C Good_person_C,,,,,,,,,,
/SCALE('ALL VARIABLES') ALL,,,,,,,,,,
/MODEL=OMEGA,,,,,,,,,,
/SUMMARY=TOTAL.,,,,,,,,,,
,,,,,,,,,,
,,,,,,,,,,
Reliability,,,,,,,,,,
,,,,,,,,,,
,,,,,,,,,,
Scale: ALL VARIABLES,,,,,,,,,,
,,,,,,,,,,
Case Processing Summary,,,,,,,,,,
,,N,%,,,,,,,
Cases,Valid,351,100.0,,,,,,,
,Excludeda,0,0.0,,,,,,,
,Total,351,100.0,,,,,,,
a. Listwise deletion based on all variables in the procedure.,,,,,,,,,,
,,,,,,,,,,
Reliability Statistics,,,,,,,,,,
McDonald's Omega,N of Items,,,,,,,,,
0.929,6,,,,,,,,,
,,,,,,,,,,
Item-Total Statistics,,,,,,,,,,
,Scale Mean if Item Deleted,Scale Variance if Item Deleted,Corrected Item-Total Correlation,Squared Multiple Correlation,Cronbach's Alpha if Item Deleted,McDonald's Omega if Item Deleted,,,,
Warm_C,26.58,28.644,0.857,0.742,0.907,0.908,,,,
Tolerant_C,26.58,29.205,0.782,0.618,0.917,0.917,,,,
Friendly_C,26.42,28.324,0.823,0.718,0.911,0.912,,,,
Polite_C,26.39,28.611,0.812,0.678,0.913,0.913,,,,
Gentle_C,26.72,28.637,0.752,0.577,0.921,0.922,,,,
Good_person_C,26.61,29.907,0.729,0.543,0.923,0.923,,,,
,,,,,,,,,,
,,,,,,,,,,
"COMPUTE WARMTH_C = mean(Warm_C, Tolerant_C, Friendly_C, Polite_C, Gentle_C, Good_person_C).",,,,,,,,,,
EXECUTE.,,,,,,,,,,
,,,,,,,,,,
**C Competence**,,,,,,,,,,
,,,,,,,,,,
RELIABILITY,,,,,,,,,,
/VARIABLES=Intelligent_C Stupid_RE_C Clever_C Smart_C Successful_C Capable_C,,,,,,,,,,
/SCALE('ALL VARIABLES') ALL,,,,,,,,,,
/MODEL=ALPHA,,,,,,,,,,
/SUMMARY=TOTAL.,,,,,,,,,,
,,,,,,,,,,
,,,,,,,,,,
Reliability,,,,,,,,,,
,,,,,,,,,,
,,,,,,,,,,
Scale: ALL VARIABLES,,,,,,,,,,
,,,,,,,,,,
Case Processing Summary,,,,,,,,,,
,,N,%,,,,,,,
Cases,Valid,351,100.0,,,,,,,
,Excludeda,0,0.0,,,,,,,
,Total,351,100.0,,,,,,,
a. Listwise deletion based on all variables in the procedure.,,,,,,,,,,
,,,,,,,,,,
Reliability Statistics,,,,,,,,,,
Cronbach's Alpha,N of Items,,,,,,,,,
0.815,6,,,,,,,,,
,,,,,,,,,,
Item-Total Statistics,,,,,,,,,,
,Scale Mean if Item Deleted,Scale Variance if Item Deleted,Corrected Item-Total Correlation,Cronbach's Alpha if Item Deleted,,,,,,
Intelligent_C,27.2165,15.519,0.720,0.756,,,,,,
Stupid_RE_C,26.9088,16.637,0.456,0.814,,,,,,
Clever_C,27.6268,15.909,0.595,0.782,,,,,,
Smart_C,27.3077,15.374,0.704,0.758,,,,,,
Successful_C,28.0798,16.788,0.429,0.820,,,,,,
Capable_C,27.3191,16.264,0.607,0.780,,,,,,
,,,,,,,,,,
,,,,,,,,,,
RELIABILITY,,,,,,,,,,
/VARIABLES=Intelligent_C Stupid_RE_C Clever_C Smart_C Successful_C Capable_C,,,,,,,,,,
/SCALE('ALL VARIABLES') ALL,,,,,,,,,,
/MODEL=OMEGA,,,,,,,,,,
/SUMMARY=TOTAL.,,,,,,,,,,
,,,,,,,,,,
,,,,,,,,,,
Reliability,,,,,,,,,,
,,,,,,,,,,
,,,,,,,,,,
Scale: ALL VARIABLES,,,,,,,,,,
,,,,,,,,,,
Case Processing Summary,,,,,,,,,,
,,N,%,,,,,,,
Cases,Valid,351,100.0,,,,,,,
,Excludeda,0,0.0,,,,,,,
,Total,351,100.0,,,,,,,
a. Listwise deletion based on all variables in the procedure.,,,,,,,,,,
,,,,,,,,,,
Reliability Statistics,,,,,,,,,,
McDonald's Omega,N of Items,,,,,,,,,
0.817,6,,,,,,,,,
,,,,,,,,,,
Item-Total Statistics,,,,,,,,,,
,Scale Mean if Item Deleted,Scale Variance if Item Deleted,Corrected Item-Total Correlation,Squared Multiple Correlation,Cronbach's Alpha if Item Deleted,McDonald's Omega if Item Deleted,,,,
Intelligent_C,27.2165,15.519,0.720,0.551,0.756,0.757,,,,
Stupid_RE_C,26.9088,16.637,0.456,0.272,0.814,0.815,,,,
Clever_C,27.6268,15.909,0.595,0.388,0.782,0.784,,,,
Smart_C,27.3077,15.374,0.704,0.537,0.758,0.760,,,,
Successful_C,28.0798,16.788,0.429,0.230,0.820,0.822,,,,
Capable_C,27.3191,16.264,0.607,0.382,0.780,0.786,,,,
,,,,,,,,,,
,,,,,,,,,,
"COMPUTE COMPET_C = mean(Intelligent_C, Stupid_RE_C, Clever_C, Smart_C, Successful_C, Capable_C).",,,,,,,,,,
EXECUTE.,,,,,,,,,,
,,,,,,,,,,
***Descriptives***,,,,,,,,,,
,,,,,,,,,,
DESCRIPTIVES VARIABLES=DISPO_A WARMTH_A COMPET_A DISPO_B WARMTH_B COMPET_B DISPO_C WARMTH_C,,,,,,,,,,
COMPET_C Protag_A Antag_A Protag_B Antag_B Protag_C Antag_C,,,,,,,,,,
/STATISTICS=MEAN STDDEV MIN MAX.,,,,,,,,,,
,,,,,,,,,,
,,,,,,,,,,
Descriptives,,,,,,,,,,
,,,,,,,,,,
Descriptive Statistics,,,,,,,,,,
,N,Minimum,Maximum,Mean,Std. Deviation,,,,,
DISPO_A,351,1.00,7.00,4.0819,1.90363,,,,,
WARMTH_A,351,1.00,7.00,3.7683,2.03991,,,,,
COMPET_A,351,1.00,7.00,5.7901,1.03531,,,,,
DISPO_B,351,1.00,7.00,4.7945,1.21461,,,,,
WARMTH_B,351,1.00,7.00,4.5878,1.38746,,,,,
COMPET_B,351,3.00,7.00,6.0033,0.83736,,,,,
DISPO_C,351,1.50,7.00,5.1635,0.97803,,,,,
WARMTH_C,351,1.00,7.00,5.3101,1.06734,,,,,
COMPET_C,351,2.33,7.00,5.4820,0.78760,,,,,
Protag_A,351,1.00,7.00,5.0598,2.04083,,,,,
Antag_A,351,1.00,7.00,4.7749,2.05442,,,,,
Protag_B,351,1.00,7.00,5.1852,1.66387,,,,,
Antag_B,351,1.00,7.00,4.9145,1.96355,,,,,
Protag_C,351,1.00,7.00,3.5413,1.82142,,,,,
Antag_C,351,1.00,7.00,3.3248,1.83067,,,,,
Valid N (listwise),351,,,,,,,,,
,,,,,,,,,,
,,,,,,,,,,
***Correlations***,,,,,,,,,,
,,,,,,,,,,
CORRELATIONS,,,,,,,,,,
/VARIABLES=DISPO_A WARMTH_A COMPET_A DISPO_B WARMTH_B COMPET_B DISPO_C WARMTH_C COMPET_C,,,,,,,,,,
/PRINT=TWOTAIL NOSIG FULL,,,,,,,,,,
/MISSING=PAIRWISE.,,,,,,,,,,
,,,,,,,,,,
,,,,,,,,,,
Correlations,,,,,,,,,,
,,,,,,,,,,
Correlations,,,,,,,,,,
,,DISPO_A,WARMTH_A,COMPET_A,DISPO_B,WARMTH_B,COMPET_B,DISPO_C,WARMTH_C,COMPET_C
DISPO_A,Pearson Correlation,1,.911**,.466**,-.441**,-.533**,-0.026,-.199**,-.264**,-0.053
,Sig. (2-tailed),,0.000,0.000,0.000,0.000,0.626,0.000,0.000,0.320
,N,351,351,351,351,351,351,351,351,351
WARMTH_A,Pearson Correlation,.911**,1,.416**,-.492**,-.490**,-0.073,-.246**,-.266**,-0.042
,Sig. (2-tailed),0.000,,0.000,0.000,0.000,0.171,0.000,0.000,0.429
,N,351,351,351,351,351,351,351,351,351
COMPET_A,Pearson Correlation,.466**,.416**,1,-.129*,-.189**,.479**,-0.001,0.005,.277**
,Sig. (2-tailed),0.000,0.000,,0.016,0.000,0.000,0.981,0.921,0.000
,N,351,351,351,351,351,351,351,351,351
DISPO_B,Pearson Correlation,-.441**,-.492**,-.129*,1,.785**,.356**,.606**,.512**,.329**
,Sig. (2-tailed),0.000,0.000,0.016,,0.000,0.000,0.000,0.000,0.000
,N,351,351,351,351,351,351,351,351,351
WARMTH_B,Pearson Correlation,-.533**,-.490**,-.189**,.785**,1,.327**,.470**,.547**,.339**
,Sig. (2-tailed),0.000,0.000,0.000,0.000,,0.000,0.000,0.000,0.000
,N,351,351,351,351,351,351,351,351,351
COMPET_B,Pearson Correlation,-0.026,-0.073,.479**,.356**,.327**,1,.378**,.425**,.606**
,Sig. (2-tailed),0.626,0.171,0.000,0.000,0.000,,0.000,0.000,0.000
,N,351,351,351,351,351,351,351,351,351
DISPO_C,Pearson Correlation,-.199**,-.246**,-0.001,.606**,.470**,.378**,1,.680**,.444**
,Sig. (2-tailed),0.000,0.000,0.981,0.000,0.000,0.000,,0.000,0.000
,N,351,351,351,351,351,351,351,351,351
WARMTH_C,Pearson Correlation,-.264**,-.266**,0.005,.512**,.547**,.425**,.680**,1,.479**
,Sig. (2-tailed),0.000,0.000,0.921,0.000,0.000,0.000,0.000,,0.000
,N,351,351,351,351,351,351,351,351,351
COMPET_C,Pearson Correlation,-0.053,-0.042,.277**,.329**,.339**,.606**,.444**,.479**,1
,Sig. (2-tailed),0.320,0.429,0.000,0.000,0.000,0.000,0.000,0.000,
,N,351,351,351,351,351,351,351,351,351
**. Correlation is significant at the 0.01 level (2-tailed).,,,,,,,,,,
*. Correlation is significant at the 0.05 level (2-tailed).,,,,,,,,,,
,,,,,,,,,,
,,,,,,,,,,
***Analysis***,,,,,,,,,,
,,,,,,,,,,
FILTER BY filter_final.,,,,,,,,,,
,,,,,,,,,,
GLM DISPO_A Protag_A Antag_A DISPO_B Protag_B Antag_B DISPO_C Protag_C Antag_C BY A_Bad_Good,,,,,,,,,,
/METHOD=SSTYPE(3),,,,,,,,,,
/INTERCEPT=INCLUDE,,,,,,,,,,
/PLOT=PROFILE(A_Bad_Good) TYPE=LINE ERRORBAR=CI MEANREFERENCE=NO YAXIS=AUTO,,,,,,,,,,
/EMMEANS=TABLES(OVERALL),,,,,,,,,,
/EMMEANS=TABLES(A_Bad_Good) COMPARE ADJ(BONFERRONI),,,,,,,,,,
/PRINT=DESCRIPTIVE ETASQ HOMOGENEITY,,,,,,,,,,
/CRITERIA=ALPHA(.05),,,,,,,,,,
/DESIGN= A_Bad_Good.,,,,,,,,,,
,,,,,,,,,,
,,,,,,,,,,
General Linear Model,,,,,,,,,,
,,,,,,,,,,
Between-Subjects Factors,,,,,,,,,,
,,N,,,,,,,,
A_Bad_Good,.00,178,,,,,,,,
,1.00,173,,,,,,,,
,,,,,,,,,,
Descriptive Statistics,,,,,,,,,,
A_Bad_Good,,Mean,Std. Deviation,N,,,,,,
DISPO_A,.00,2.5463,1.17115,178,,,,,,
,1.00,5.6618,1.00580,173,,,,,,
,Total,4.0819,1.90363,351,,,,,,
Protag_A,.00,4.1404,2.19590,178,,,,,,
,1.00,6.0058,1.31846,173,,,,,,
,Total,5.0598,2.04083,351,,,,,,
Antag_A,.00,5.6517,1.67468,178,,,,,,
,1.00,3.8728,2.02198,173,,,,,,
,Total,4.7749,2.05442,351,,,,,,
DISPO_B,.00,5.3181,0.99069,178,,,,,,
,1.00,4.2558,1.19012,173,,,,,,
,Total,4.7945,1.21461,351,,,,,,
Protag_B,.00,5.8483,1.21874,178,,,,,,
,1.00,4.5029,1.78373,173,,,,,,
,Total,5.1852,1.66387,351,,,,,,
Antag_B,.00,4.1348,2.13230,178,,,,,,
,1.00,5.7168,1.37486,173,,,,,,
,Total,4.9145,1.96355,351,,,,,,
DISPO_C,.00,5.3736,0.91442,178,,,,,,
,1.00,4.9473,0.99664,173,,,,,,
,Total,5.1635,0.97803,351,,,,,,
Protag_C,.00,3.6573,1.82898,178,,,,,,
,1.00,3.4220,1.81114,173,,,,,,
,Total,3.5413,1.82142,351,,,,,,
Antag_C,.00,3.0449,1.81276,178,,,,,,
,1.00,3.6127,1.80930,173,,,,,,
,Total,3.3248,1.83067,351,,,,,,
,,,,,,,,,,
Box's Test of Equality of Covariance Matricesa,,,,,,,,,,
Box's M,242.002,,,,,,,,,
F,5.232,,,,,,,,,
df1,45,,,,,,,,,
df2,399471.248,,,,,,,,,
Sig.,0.000,,,,,,,,,
Tests the null hypothesis that the observed covariance matrices of the dependent variables are equal across groups.,,,,,,,,,,
a. Design: Intercept + A_Bad_Good,,,,,,,,,,
,,,,,,,,,,
Multivariate Testsa,,,,,,,,,,
Effect,,Value,F,Hypothesis df,Error df,Sig.,Partial Eta Squared,,,
Intercept,Pillai's Trace,0.987,2952.884b,9.000,341.000,0.000,0.987,,,
,Wilks' Lambda,0.013,2952.884b,9.000,341.000,0.000,0.987,,,
,Hotelling's Trace,77.935,2952.884b,9.000,341.000,0.000,0.987,,,
,Roy's Largest Root,77.935,2952.884b,9.000,341.000,0.000,0.987,,,
A_Bad_Good,Pillai's Trace,0.690,84.368b,9.000,341.000,0.000,0.690,,,
,Wilks' Lambda,0.310,84.368b,9.000,341.000,0.000,0.690,,,
,Hotelling's Trace,2.227,84.368b,9.000,341.000,0.000,0.690,,,
,Roy's Largest Root,2.227,84.368b,9.000,341.000,0.000,0.690,,,
a. Design: Intercept + A_Bad_Good,,,,,,,,,,
b. Exact statistic,,,,,,,,,,
,,,,,,,,,,
Levene's Test of Equality of Error Variancesa,,,,,,,,,,
,,Levene Statistic,df1,df2,Sig.,,,,,
DISPO_A,Based on Mean,1.655,1,349,0.199,,,,,
,Based on Median,1.319,1,349,0.252,,,,,
,Based on Median and with adjusted df,1.319,1,338.717,0.252,,,,,
,Based on trimmed mean,1.405,1,349,0.237,,,,,
Protag_A,Based on Mean,110.519,1,349,0.000,,,,,
,Based on Median,63.818,1,349,0.000,,,,,
,Based on Median and with adjusted df,63.818,1,305.196,0.000,,,,,
,Based on trimmed mean,108.081,1,349,0.000,,,,,
Antag_A,Based on Mean,25.791,1,349,0.000,,,,,
,Based on Median,28.975,1,349,0.000,,,,,
,Based on Median and with adjusted df,28.975,1,320.217,0.000,,,,,
,Based on trimmed mean,29.203,1,349,0.000,,,,,
DISPO_B,Based on Mean,4.784,1,349,0.029,,,,,
,Based on Median,4.984,1,349,0.026,,,,,
,Based on Median and with adjusted df,4.984,1,341.918,0.026,,,,,
,Based on trimmed mean,5.024,1,349,0.026,,,,,
Protag_B,Based on Mean,42.148,1,349,0.000,,,,,
,Based on Median,24.540,1,349,0.000,,,,,
,Based on Median and with adjusted df,24.540,1,321.633,0.000,,,,,
,Based on trimmed mean,43.583,1,349,0.000,,,,,
Antag_B,Based on Mean,78.438,1,349,0.000,,,,,
,Based on Median,51.062,1,349,0.000,,,,,
,Based on Median and with adjusted df,51.062,1,325.477,0.000,,,,,
,Based on trimmed mean,81.069,1,349,0.000,,,,,
DISPO_C,Based on Mean,0.906,1,349,0.342,,,,,
,Based on Median,0.424,1,349,0.515,,,,,
,Based on Median and with adjusted df,0.424,1,337.132,0.515,,,,,
,Based on trimmed mean,0.700,1,349,0.403,,,,,
Protag_C,Based on Mean,0.055,1,349,0.815,,,,,
,Based on Median,0.201,1,349,0.654,,,,,
,Based on Median and with adjusted df,0.201,1,346.921,0.654,,,,,
,Based on trimmed mean,0.088,1,349,0.766,,,,,
Antag_C,Based on Mean,0.001,1,349,0.980,,,,,
,Based on Median,0.005,1,349,0.943,,,,,
,Based on Median and with adjusted df,0.005,1,346.731,0.943,,,,,
,Based on trimmed mean,0.007,1,349,0.933,,,,,
Tests the null hypothesis that the error variance of the dependent variable is equal across groups.,,,,,,,,,,
a. Design: Intercept + A_Bad_Good,,,,,,,,,,
,,,,,,,,,,
Tests of Between-Subjects Effects,,,,,,,,,,
Source,Dependent Variable,Type III Sum of Squares,df,Mean Square,F,Sig.,Partial Eta Squared,,,
Corrected Model,DISPO_A,851.559a,1,851.559,713.084,0.000,0.671,,,
,Protag_A,305.261b,1,305.261,92.440,0.000,0.209,,,
,Antag_A,277.613c,1,277.613,80.765,0.000,0.188,,,
,DISPO_B,99.011d,1,99.011,82.798,0.000,0.192,,,
,Protag_B,158.810e,1,158.810,68.413,0.000,0.164,,,
,Antag_B,219.550f,1,219.550,67.815,0.000,0.163,,,
,DISPO_C,15.947g,1,15.947,17.455,0.000,0.048,,,
,Protag_C,4.859h,1,4.859,1.467,0.227,0.004,,,
,Antag_C,28.282i,1,28.282,8.623,0.004,0.024,,,
Intercept,DISPO_A,5910.914,1,5910.914,4949.714,0.000,0.934,,,
,Protag_A,9031.677,1,9031.677,2735.012,0.000,0.887,,,
,Antag_A,7958.752,1,7958.752,2315.429,0.000,0.869,,,
,DISPO_B,8041.492,1,8041.492,6724.684,0.000,0.951,,,
,Protag_B,9400.280,1,9400.280,4049.479,0.000,0.921,,,
,Antag_B,8514.753,1,8514.753,2630.044,0.000,0.883,,,
,DISPO_C,9345.228,1,9345.228,10229.013,0.000,0.967,,,
,Protag_C,4396.791,1,4396.791,1327.070,0.000,0.792,,,
,Antag_C,3888.681,1,3888.681,1185.602,0.000,0.773,,,
A_Bad_Good,DISPO_A,851.559,1,851.559,713.084,0.000,0.671,,,
,Protag_A,305.261,1,305.261,92.440,0.000,0.209,,,
,Antag_A,277.613,1,277.613,80.765,0.000,0.188,,,
,DISPO_B,99.011,1,99.011,82.798,0.000,0.192,,,
,Protag_B,158.810,1,158.810,68.413,0.000,0.164,,,
,Antag_B,219.550,1,219.550,67.815,0.000,0.163,,,
,DISPO_C,15.947,1,15.947,17.455,0.000,0.048,,,
,Protag_C,4.859,1,4.859,1.467,0.227,0.004,,,
,Antag_C,28.282,1,28.282,8.623,0.004,0.024,,,
Error,DISPO_A,416.773,349,1.194,,,,,,
,Protag_A,1152.483,349,3.302,,,,,,
,Antag_A,1199.607,349,3.437,,,,,,
,DISPO_B,417.340,349,1.196,,,,,,
,Protag_B,810.153,349,2.321,,,,,,
,Antag_B,1129.885,349,3.237,,,,,,
,DISPO_C,318.846,349,0.914,,,,,,
,Protag_C,1156.292,349,3.313,,,,,,
,Antag_C,1144.692,349,3.280,,,,,,
Total,DISPO_A,7116.688,351,,,,,,,
,Protag_A,10444.000,351,,,,,,,
,Antag_A,9480.000,351,,,,,,,
,DISPO_B,8584.922,351,,,,,,,
,Protag_B,10406.000,351,,,,,,,
,Antag_B,9827.000,351,,,,,,,
,DISPO_C,9692.922,351,,,,,,,
,Protag_C,5563.000,351,,,,,,,
,Antag_C,5053.000,351,,,,,,,
Corrected Total,DISPO_A,1268.333,350,,,,,,,
,Protag_A,1457.744,350,,,,,,,
,Antag_A,1477.219,350,,,,,,,
,DISPO_B,516.351,350,,,,,,,
,Protag_B,968.963,350,,,,,,,
,Antag_B,1349.436,350,,,,,,,
,DISPO_C,334.793,350,,,,,,,
,Protag_C,1161.151,350,,,,,,,
,Antag_C,1172.974,350,,,,,,,
a. R Squared = .671 (Adjusted R Squared = .670),,,,,,,,,,
b. R Squared = .209 (Adjusted R Squared = .207),,,,,,,,,,
c. R Squared = .188 (Adjusted R Squared = .186),,,,,,,,,,
d. R Squared = .192 (Adjusted R Squared = .189),,,,,,,,,,
e. R Squared = .164 (Adjusted R Squared = .162),,,,,,,,,,
f. R Squared = .163 (Adjusted R Squared = .160),,,,,,,,,,
g. R Squared = .048 (Adjusted R Squared = .045),,,,,,,,,,
h. R Squared = .004 (Adjusted R Squared = .001),,,,,,,,,,
i. R Squared = .024 (Adjusted R Squared = .021),,,,,,,,,,
,,,,,,,,,,
,,,,,,,,,,
Estimated Marginal Means,,,,,,,,,,
,,,,,,,,,,
1. Grand Mean,,,,,,,,,,
Dependent Variable,Mean,Std. Error,95% Confidence Interval,,,,,,,
,,,Lower Bound,Upper Bound,,,,,,
DISPO_A,4.104,0.058,3.989,4.219,,,,,,
Protag_A,5.073,0.097,4.882,5.264,,,,,,
Antag_A,4.762,0.099,4.568,4.957,,,,,,
DISPO_B,4.787,0.058,4.672,4.902,,,,,,
Protag_B,5.176,0.081,5.016,5.336,,,,,,
Antag_B,4.926,0.096,4.737,5.115,,,,,,
DISPO_C,5.160,0.051,5.060,5.261,,,,,,
Protag_C,3.540,0.097,3.349,3.731,,,,,,
Antag_C,3.329,0.097,3.139,3.519,,,,,,
,,,,,,,,,,
,,,,,,,,,,
2. A_Bad_Good,,,,,,,,,,
,,,,,,,,,,
Estimates,,,,,,,,,,
Dependent Variable,A_Bad_Good,Mean,Std. Error,95% Confidence Interval,,,,,,
,,,,Lower Bound,Upper Bound,,,,,
DISPO_A,.00,2.546,0.082,2.385,2.707,,,,,
,1.00,5.662,0.083,5.498,5.825,,,,,
Protag_A,.00,4.140,0.136,3.873,4.408,,,,,
,1.00,6.006,0.138,5.734,6.278,,,,,
Antag_A,.00,5.652,0.139,5.378,5.925,,,,,
,1.00,3.873,0.141,3.596,4.150,,,,,
DISPO_B,.00,5.318,0.082,5.157,5.479,,,,,
,1.00,4.256,0.083,4.092,4.419,,,,,
Protag_B,.00,5.848,0.114,5.624,6.073,,,,,
,1.00,4.503,0.116,4.275,4.731,,,,,
Antag_B,.00,4.135,0.135,3.870,4.400,,,,,
,1.00,5.717,0.137,5.448,5.986,,,,,
DISPO_C,.00,5.374,0.072,5.233,5.515,,,,,
,1.00,4.947,0.073,4.804,5.090,,,,,
Protag_C,.00,3.657,0.136,3.389,3.926,,,,,
,1.00,3.422,0.138,3.150,3.694,,,,,
Antag_C,.00,3.045,0.136,2.778,3.312,,,,,
,1.00,3.613,0.138,3.342,3.884,,,,,
,,,,,,,,,,
Pairwise Comparisons,,,,,,,,,,
Dependent Variable,(I) A_Bad_Good,(J) A_Bad_Good,Mean Difference (I-J),Std. Error,Sig.b,95% Confidence Interval for Differenceb,,,,
,,,,,,Lower Bound,Upper Bound,,,
DISPO_A,.00,1.00,-3.116*,0.117,0.000,-3.345,-2.886,,,
,1.00,.00,3.116*,0.117,0.000,2.886,3.345,,,
Protag_A,.00,1.00,-1.865*,0.194,0.000,-2.247,-1.484,,,
,1.00,.00,1.865*,0.194,0.000,1.484,2.247,,,
Antag_A,.00,1.00,1.779*,0.198,0.000,1.390,2.168,,,
,1.00,.00,-1.779*,0.198,0.000,-2.168,-1.390,,,
DISPO_B,.00,1.00,1.062*,0.117,0.000,0.833,1.292,,,
,1.00,.00,-1.062*,0.117,0.000,-1.292,-0.833,,,
Protag_B,.00,1.00,1.345*,0.163,0.000,1.025,1.665,,,
,1.00,.00,-1.345*,0.163,0.000,-1.665,-1.025,,,
Antag_B,.00,1.00,-1.582*,0.192,0.000,-1.960,-1.204,,,
,1.00,.00,1.582*,0.192,0.000,1.204,1.960,,,
DISPO_C,.00,1.00,.426*,0.102,0.000,0.226,0.627,,,
,1.00,.00,-.426*,0.102,0.000,-0.627,-0.226,,,
Protag_C,.00,1.00,0.235,0.194,0.227,-0.147,0.618,,,
,1.00,.00,-0.235,0.194,0.227,-0.618,0.147,,,
Antag_C,.00,1.00,-.568*,0.193,0.004,-0.948,-0.187,,,
,1.00,.00,.568*,0.193,0.004,0.187,0.948,,,
Based on estimated marginal means,,,,,,,,,,
*. The mean difference is significant at the .05 level.,,,,,,,,,,
b. Adjustment for multiple comparisons: Bonferroni.,,,,,,,,,,
,,,,,,,,,,
Multivariate Tests,,,,,,,,,,
,Value,F,Hypothesis df,Error df,Sig.,Partial Eta Squared,,,,
Pillai's trace,0.690,84.368a,9.000,341.000,0.000,0.690,,,,
Wilks' lambda,0.310,84.368a,9.000,341.000,0.000,0.690,,,,
Hotelling's trace,2.227,84.368a,9.000,341.000,0.000,0.690,,,,
Roy's largest root,2.227,84.368a,9.000,341.000,0.000,0.690,,,,
Each F tests the multivariate effect of A_Bad_Good. These tests are based on the linearly independent pairwise comparisons among the estimated marginal means.,,,,,,,,,,
a. Exact statistic,,,,,,,,,,
,,,,,,,,,,
Univariate Tests,,,,,,,,,,
Dependent Variable,,Sum of Squares,df,Mean Square,F,Sig.,Partial Eta Squared,,,
DISPO_A,Contrast,851.559,1,851.559,713.084,0.000,0.671,,,
,Error,416.773,349,1.194,,,,,,
Protag_A,Contrast,305.261,1,305.261,92.440,0.000,0.209,,,
,Error,1152.483,349,3.302,,,,,,
Antag_A,Contrast,277.613,1,277.613,80.765,0.000,0.188,,,
,Error,1199.607,349,3.437,,,,,,
DISPO_B,Contrast,99.011,1,99.011,82.798,0.000,0.192,,,
,Error,417.340,349,1.196,,,,,,
Protag_B,Contrast,158.810,1,158.810,68.413,0.000,0.164,,,
,Error,810.153,349,2.321,,,,,,
Antag_B,Contrast,219.550,1,219.550,67.815,0.000,0.163,,,
,Error,1129.885,349,3.237,,,,,,
DISPO_C,Contrast,15.947,1,15.947,17.455,0.000,0.048,,,
,Error,318.846,349,0.914,,,,,,
Protag_C,Contrast,4.859,1,4.859,1.467,0.227,0.004,,,
,Error,1156.292,349,3.313,,,,,,
Antag_C,Contrast,28.282,1,28.282,8.623,0.004,0.024,,,
,Error,1144.692,349,3.280,,,,,,
The F tests the effect of A_Bad_Good. This test is based on the linearly independent pairwise comparisons among the estimated marginal means.,,,,,,,,,,
,,,,,,,,,,
,,,,,,,,,,
Profile Plots,,,,,,,,,,
,,,,,,,,,,
,,,,,,,,,,
DISPO_A,,,,,,,,,,
,,,,,,,,,,
,,,,,,,,,,
,,,,,,,,,,
Protag_A,,,,,,,,,,
,,,,,,,,,,
,,,,,,,,,,
,,,,,,,,,,
Antag_A,,,,,,,,,,
,,,,,,,,,,
,,,,,,,,,,
,,,,,,,,,,
DISPO_B,,,,,,,,,,
,,,,,,,,,,
,,,,,,,,,,
,,,,,,,,,,
Protag_B,,,,,,,,,,
,,,,,,,,,,
,,,,,,,,,,
,,,,,,,,,,
Antag_B,,,,,,,,,,
,,,,,,,,,,
,,,,,,,,,,
,,,,,,,,,,
DISPO_C,,,,,,,,,,
,,,,,,,,,,
,,,,,,,,,,
,,,,,,,,,,
Protag_C,,,,,,,,,,
,,,,,,,,,,
,,,,,,,,,,
,,,,,,,,,,
Antag_C,,,,,,,,,,
,,,,,,,,,,
,,,,,,,,,,
,,,,,,,,,,
***Supplemental Analysis***,,,,,,,,,,
,,,,,,,,,,
FILTER BY filter_final.,,,,,,,,,,
,,,,,,,,,,
GLM WARMTH_A COMPET_A WARMTH_B COMPET_B WARMTH_C COMPET_C BY A_Bad_Good,,,,,,,,,,
/METHOD=SSTYPE(3),,,,,,,,,,
/INTERCEPT=INCLUDE,,,,,,,,,,
/PLOT=PROFILE(A_Bad_Good) TYPE=LINE ERRORBAR=CI MEANREFERENCE=NO YAXIS=AUTO,,,,,,,,,,
/EMMEANS=TABLES(OVERALL),,,,,,,,,,
/EMMEANS=TABLES(A_Bad_Good) COMPARE ADJ(BONFERRONI),,,,,,,,,,
/PRINT=DESCRIPTIVE ETASQ HOMOGENEITY,,,,,,,,,,
/CRITERIA=ALPHA(.05),,,,,,,,,,
/DESIGN= A_Bad_Good.,,,,,,,,,,
,,,,,,,,,,
,,,,,,,,,,
General Linear Model,,,,,,,,,,
,,,,,,,,,,
Between-Subjects Factors,,,,,,,,,,
,,N,,,,,,,,
A_Bad_Good,.00,178,,,,,,,,
,1.00,173,,,,,,,,
,,,,,,,,,,
Descriptive Statistics,,,,,,,,,,
A_Bad_Good,,Mean,Std. Deviation,N,,,,,,
WARMTH_A,.00,2.1816,1.40120,178,,,,,,
,1.00,5.4008,1.07770,173,,,,,,
,Total,3.7683,2.03991,351,,,,,,
COMPET_A,.00,5.4354,1.12665,178,,,,,,
,1.00,6.1551,0.78144,173,,,,,,
,Total,5.7901,1.03531,351,,,,,,
WARMTH_B,.00,5.2884,1.07364,178,,,,,,
,1.00,3.8671,1.30406,173,,,,,,
,Total,4.5878,1.38746,351,,,,,,
COMPET_B,.00,6.0571,0.81420,178,,,,,,
,1.00,5.9480,0.85939,173,,,,,,
,Total,6.0033,0.83736,351,,,,,,
WARMTH_C,.00,5.6339,0.96519,178,,,,,,
,1.00,4.9769,1.06739,173,,,,,,
,Total,5.3101,1.06734,351,,,,,,
COMPET_C,.00,5.5403,0.79157,178,,,,,,
,1.00,5.4220,0.78123,173,,,,,,
,Total,5.4820,0.78760,351,,,,,,
,,,,,,,,,,
Box's Test of Equality of Covariance Matricesa,,,,,,,,,,
Box's M,205.868,,,,,,,,,
F,9.624,,,,,,,,,
df1,21,,,,,,,,,
df2,447216.923,,,,,,,,,
Sig.,0.000,,,,,,,,,
Tests the null hypothesis that the observed covariance matrices of the dependent variables are equal across groups.,,,,,,,,,,
a. Design: Intercept + A_Bad_Good,,,,,,,,,,
,,,,,,,,,,
Multivariate Testsa,,,,,,,,,,
Effect,,Value,F,Hypothesis df,Error df,Sig.,Partial Eta Squared,,,
Intercept,Pillai's Trace,0.988,4578.019b,6.000,344.000,0.000,0.988,,,
,Wilks' Lambda,0.012,4578.019b,6.000,344.000,0.000,0.988,,,
,Hotelling's Trace,79.849,4578.019b,6.000,344.000,0.000,0.988,,,
,Roy's Largest Root,79.849,4578.019b,6.000,344.000,0.000,0.988,,,
A_Bad_Good,Pillai's Trace,0.650,106.270b,6.000,344.000,0.000,0.650,,,
,Wilks' Lambda,0.350,106.270b,6.000,344.000,0.000,0.650,,,
,Hotelling's Trace,1.854,106.270b,6.000,344.000,0.000,0.650,,,
,Roy's Largest Root,1.854,106.270b,6.000,344.000,0.000,0.650,,,
a. Design: Intercept + A_Bad_Good,,,,,,,,,,
b. Exact statistic,,,,,,,,,,
,,,,,,,,,,
Levene's Test of Equality of Error Variancesa,,,,,,,,,,
,,Levene Statistic,df1,df2,Sig.,,,,,
WARMTH_A,Based on Mean,4.657,1,349,0.032,,,,,
,Based on Median,3.016,1,349,0.083,,,,,
,Based on Median and with adjusted df,3.016,1,318.218,0.083,,,,,
,Based on trimmed mean,3.212,1,349,0.074,,,,,
COMPET_A,Based on Mean,18.857,1,349,0.000,,,,,
,Based on Median,13.408,1,349,0.000,,,,,
,Based on Median and with adjusted df,13.408,1,306.489,0.000,,,,,
,Based on trimmed mean,16.334,1,349,0.000,,,,,
WARMTH_B,Based on Mean,7.489,1,349,0.007,,,,,
,Based on Median,7.517,1,349,0.006,,,,,
,Based on Median and with adjusted df,7.517,1,341.712,0.006,,,,,
,Based on trimmed mean,7.669,1,349,0.006,,,,,
COMPET_B,Based on Mean,0.126,1,349,0.723,,,,,
,Based on Median,0.016,1,349,0.899,,,,,
,Based on Median and with adjusted df,0.016,1,346.073,0.899,,,,,
,Based on trimmed mean,0.015,1,349,0.902,,,,,
WARMTH_C,Based on Mean,0.048,1,349,0.827,,,,,
,Based on Median,0.105,1,349,0.747,,,,,
,Based on Median and with adjusted df,0.105,1,339.863,0.747,,,,,
,Based on trimmed mean,0.074,1,349,0.786,,,,,
COMPET_C,Based on Mean,0.698,1,349,0.404,,,,,
,Based on Median,0.774,1,349,0.380,,,,,
,Based on Median and with adjusted df,0.774,1,347.617,0.380,,,,,
,Based on trimmed mean,0.738,1,349,0.391,,,,,
Tests the null hypothesis that the error variance of the dependent variable is equal across groups.,,,,,,,,,,
a. Design: Intercept + A_Bad_Good,,,,,,,,,,
,,,,,,,,,,
Tests of Between-Subjects Effects,,,,,,,,,,
Source,Dependent Variable,Type III Sum of Squares,df,Mean Square,F,Sig.,Partial Eta Squared,,,
Corrected Model,WARMTH_A,909.147a,1,909.147,579.758,0.000,0.624,,,
,COMPET_A,45.444b,1,45.444,48.103,0.000,0.121,,,
,WARMTH_B,177.237c,1,177.237,124.576,0.000,0.263,,,
,COMPET_B,1.045d,1,1.045,1.492,0.223,0.004,,,
,WARMTH_C,37.871e,1,37.871,36.627,0.000,0.095,,,
,COMPET_C,1.228f,1,1.228,1.985,0.160,0.006,,,
Intercept,WARMTH_A,5043.993,1,5043.993,3216.525,0.000,0.902,,,
,COMPET_A,11785.914,1,11785.914,12475.607,0.000,0.973,,,
,WARMTH_B,7353.898,1,7353.898,5168.923,0.000,0.937,,,
,COMPET_B,12644.162,1,12644.162,18058.078,0.000,0.981,,,
,WARMTH_C,9877.638,1,9877.638,9553.126,0.000,0.965,,,
,COMPET_C,10542.816,1,10542.816,17043.909,0.000,0.980,,,
A_Bad_Good,WARMTH_A,909.147,1,909.147,579.758,0.000,0.624,,,
,COMPET_A,45.444,1,45.444,48.103,0.000,0.121,,,
,WARMTH_B,177.237,1,177.237,124.576,0.000,0.263,,,
,COMPET_B,1.045,1,1.045,1.492,0.223,0.004,,,
,WARMTH_C,37.871,1,37.871,36.627,0.000,0.095,,,
,COMPET_C,1.228,1,1.228,1.985,0.160,0.006,,,
Error,WARMTH_A,547.284,349,1.568,,,,,,
,COMPET_A,329.706,349,0.945,,,,,,
,WARMTH_B,496.527,349,1.423,,,,,,
,COMPET_B,244.368,349,0.700,,,,,,
,WARMTH_C,360.855,349,1.034,,,,,,
,COMPET_C,215.880,349,0.619,,,,,,
Total,WARMTH_A,6440.611,351,,,,,,,
,COMPET_A,12142.611,351,,,,,,,
,WARMTH_B,8061.722,351,,,,,,,
,COMPET_B,12895.417,351,,,,,,,
,WARMTH_C,10295.806,351,,,,,,,
,COMPET_C,10765.306,351,,,,,,,
Corrected Total,WARMTH_A,1456.431,350,,,,,,,
,COMPET_A,375.150,350,,,,,,,
,WARMTH_B,673.764,350,,,,,,,
,COMPET_B,245.413,350,,,,,,,
,WARMTH_C,398.727,350,,,,,,,
,COMPET_C,217.108,350,,,,,,,
a. R Squared = .624 (Adjusted R Squared = .623),,,,,,,,,,
b. R Squared = .121 (Adjusted R Squared = .119),,,,,,,,,,
c. R Squared = .263 (Adjusted R Squared = .261),,,,,,,,,,
d. R Squared = .004 (Adjusted R Squared = .001),,,,,,,,,,
e. R Squared = .095 (Adjusted R Squared = .092),,,,,,,,,,
f. R Squared = .006 (Adjusted R Squared = .003),,,,,,,,,,
,,,,,,,,,,
,,,,,,,,,,
Estimated Marginal Means,,,,,,,,,,
,,,,,,,,,,
1. Grand Mean,,,,,,,,,,
Dependent Variable,Mean,Std. Error,95% Confidence Interval,,,,,,,
,,,Lower Bound,Upper Bound,,,,,,
WARMTH_A,3.791,0.067,3.660,3.923,,,,,,
COMPET_A,5.795,0.052,5.693,5.897,,,,,,
WARMTH_B,4.578,0.064,4.452,4.703,,,,,,
COMPET_B,6.003,0.045,5.915,6.090,,,,,,
WARMTH_C,5.305,0.054,5.199,5.412,,,,,,
COMPET_C,5.481,0.042,5.399,5.564,,,,,,
,,,,,,,,,,
,,,,,,,,,,
2. A_Bad_Good,,,,,,,,,,
,,,,,,,,,,
Estimates,,,,,,,,,,
Dependent Variable,A_Bad_Good,Mean,Std. Error,95% Confidence Interval,,,,,,
,,,,Lower Bound,Upper Bound,,,,,
WARMTH_A,.00,2.182,0.094,1.997,2.366,,,,,
,1.00,5.401,0.095,5.214,5.588,,,,,
COMPET_A,.00,5.435,0.073,5.292,5.579,,,,,
,1.00,6.155,0.074,6.010,6.300,,,,,
WARMTH_B,.00,5.288,0.089,5.113,5.464,,,,,
,1.00,3.867,0.091,3.689,4.045,,,,,
COMPET_B,.00,6.057,0.063,5.934,6.180,,,,,
,1.00,5.948,0.064,5.823,6.073,,,,,
WARMTH_C,.00,5.634,0.076,5.484,5.784,,,,,
,1.00,4.977,0.077,4.825,5.129,,,,,
COMPET_C,.00,5.540,0.059,5.424,5.656,,,,,
,1.00,5.422,0.060,5.304,5.540,,,,,
,,,,,,,,,,
Pairwise Comparisons,,,,,,,,,,
Dependent Variable,(I) A_Bad_Good,(J) A_Bad_Good,Mean Difference (I-J),Std. Error,Sig.b,95% Confidence Interval for Differenceb,,,,
,,,,,,Lower Bound,Upper Bound,,,
WARMTH_A,.00,1.00,-3.219*,0.134,0.000,-3.482,-2.956,,,
,1.00,.00,3.219*,0.134,0.000,2.956,3.482,,,
COMPET_A,.00,1.00,-.720*,0.104,0.000,-0.924,-0.516,,,
,1.00,.00,.720*,0.104,0.000,0.516,0.924,,,
WARMTH_B,.00,1.00,1.421*,0.127,0.000,1.171,1.672,,,
,1.00,.00,-1.421*,0.127,0.000,-1.672,-1.171,,,
COMPET_B,.00,1.00,0.109,0.089,0.223,-0.067,0.285,,,
,1.00,.00,-0.109,0.089,0.223,-0.285,0.067,,,
WARMTH_C,.00,1.00,.657*,0.109,0.000,0.444,0.871,,,
,1.00,.00,-.657*,0.109,0.000,-0.871,-0.444,,,
COMPET_C,.00,1.00,0.118,0.084,0.160,-0.047,0.283,,,
,1.00,.00,-0.118,0.084,0.160,-0.283,0.047,,,
Based on estimated marginal means,,,,,,,,,,
*. The mean difference is significant at the .05 level.,,,,,,,,,,
b. Adjustment for multiple comparisons: Bonferroni.,,,,,,,,,,
,,,,,,,,,,
Multivariate Tests,,,,,,,,,,
,Value,F,Hypothesis df,Error df,Sig.,Partial Eta Squared,,,,
Pillai's trace,0.650,106.270a,6.000,344.000,0.000,0.650,,,,
Wilks' lambda,0.350,106.270a,6.000,344.000,0.000,0.650,,,,
Hotelling's trace,1.854,106.270a,6.000,344.000,0.000,0.650,,,,
Roy's largest root,1.854,106.270a,6.000,344.000,0.000,0.650,,,,
Each F tests the multivariate effect of A_Bad_Good. These tests are based on the linearly independent pairwise comparisons among the estimated marginal means.,,,,,,,,,,
a. Exact statistic,,,,,,,,,,
,,,,,,,,,,
Univariate Tests,,,,,,,,,,
Dependent Variable,,Sum of Squares,df,Mean Square,F,Sig.,Partial Eta Squared,,,
WARMTH_A,Contrast,909.147,1,909.147,579.758,0.000,0.624,,,
,Error,547.284,349,1.568,,,,,,
COMPET_A,Contrast,45.444,1,45.444,48.103,0.000,0.121,,,
,Error,329.706,349,0.945,,,,,,
WARMTH_B,Contrast,177.237,1,177.237,124.576,0.000,0.263,,,
,Error,496.527,349,1.423,,,,,,
COMPET_B,Contrast,1.045,1,1.045,1.492,0.223,0.004,,,
,Error,244.368,349,0.700,,,,,,
WARMTH_C,Contrast,37.871,1,37.871,36.627,0.000,0.095,,,
,Error,360.855,349,1.034,,,,,,
COMPET_C,Contrast,1.228,1,1.228,1.985,0.160,0.006,,,
,Error,215.880,349,0.619,,,,,,
The F tests the effect of A_Bad_Good. This test is based on the linearly independent pairwise comparisons among the estimated marginal means.,,,,,,,,,,
,,,,,,,,,,
,,,,,,,,,,
Profile Plots,,,,,,,,,,
,,,,,,,,,,
,,,,,,,,,,
WARMTH_A,,,,,,,,,,
,,,,,,,,,,
,,,,,,,,,,
,,,,,,,,,,
COMPET_A,,,,,,,,,,
,,,,,,,,,,
,,,,,,,,,,
,,,,,,,,,,
WARMTH_B,,,,,,,,,,
,,,,,,,,,,
,,,,,,,,,,
,,,,,,,,,,
COMPET_B,,,,,,,,,,
,,,,,,,,,,
,,,,,,,,,,
,,,,,,,,,,
WARMTH_C,,,,,,,,,,
,,,,,,,,,,
,,,,,,,,,,
,,,,,,,,,,
COMPET_C,,,,,,,,,,
,,,,,,,,,,
,,,,,,,,,,
